{"cameraMode":{"drawMode":0,"name":"Shaded","section":"Shading Mode"},"sceneLighting":false,"audioPlay":false,"sceneViewState":{"showFog":true,"showMaterialUpdate":false,"showSkybox":false,"showFlares":true,"showImageEffects":true,"showParticleSystems":true},"in2DMode":false,"pivot":{"x":-49.58695602416992,"y":6.500064373016357,"z":-122.88175964355469},"rotation":{"x":0.1421775370836258,"y":0.046333860605955127,"z":-0.006591580808162689,"w":0.9887810945510864},"size":34.19196319580078,"orthographic":false}