{"cameraMode":{"drawMode":0,"name":"Shaded","section":"Shading Mode"},"sceneLighting":false,"audioPlay":false,"sceneViewState":{"showFog":true,"showMaterialUpdate":false,"showSkybox":false,"showFlares":true,"showImageEffects":true,"showParticleSystems":true},"in2DMode":false,"pivot":{"x":-46.53512954711914,"y":6.0231547355651859,"z":-108.32037353515625},"rotation":{"x":0.14953812956809998,"y":0.14804495871067048,"z":-0.022579068318009378,"w":0.9773963689804077},"size":31.815343856811525,"orthographic":false}