{"cameraMode":{"drawMode":0,"name":"Shaded","section":"Shading Mode"},"sceneLighting":false,"audioPlay":false,"sceneViewState":{"showFog":true,"showMaterialUpdate":false,"showSkybox":false,"showFlares":true,"showImageEffects":true,"showParticleSystems":true},"in2DMode":false,"pivot":{"x":6.479448318481445,"y":6.262192249298096,"z":-1.4346787929534913},"rotation":{"x":0.1886523813009262,"y":-0.5459128022193909,"z":0.12769220769405366,"w":0.8063457012176514},"size":0.000057183562603313476,"orthographic":false}