{"cameraMode":{"drawMode":0,"name":"Shaded","section":"Shading Mode"},"sceneLighting":false,"audioPlay":false,"sceneViewState":{"showFog":true,"showMaterialUpdate":false,"showSkybox":false,"showFlares":true,"showImageEffects":true,"showParticleSystems":true},"in2DMode":false,"pivot":{"x":-100.73246765136719,"y":30.480314254760743,"z":-34.062416076660159},"rotation":{"x":-0.02538933791220188,"y":0.964971125125885,"z":-0.1020047664642334,"w":-0.24044658243656159},"size":4.741322040557861,"orthographic":false}