{"cameraMode":{"drawMode":0,"name":"Shaded","section":"Shading Mode"},"sceneLighting":false,"audioPlay":false,"sceneViewState":{"showFog":true,"showMaterialUpdate":false,"showSkybox":false,"showFlares":true,"showImageEffects":true,"showParticleSystems":true},"in2DMode":false,"pivot":{"x":114.89723205566406,"y":-234.88365173339845,"z":423.158447265625},"rotation":{"x":-0.2982127070426941,"y":-0.05381327122449875,"z":0.016805468127131463,"w":-0.9528539180755615},"size":649.8436889648438,"orthographic":false}